"grid_type","shot_zone_basic","shot_zone_area","shot_zone_range","fga","fgm","fg_pct","shot_value"
"League Averages","Above the Break 3","Back Court(BC)","Back Court Shot",109,5,0.046,3
"League Averages","Above the Break 3","Center(C)","24+ ft.",5386,1801,0.334,3
"League Averages","Above the Break 3","Left Side Center(LC)","24+ ft.",10095,3479,0.345,3
"League Averages","Above the Break 3","Right Side Center(RC)","24+ ft.",9959,3409,0.342,3
"League Averages","Backcourt","Back Court(BC)","Back Court Shot",336,8,0.024,3
"League Averages","In The Paint (Non-RA)","Center(C)","8-16 ft.",5626,2199,0.391,2
"League Averages","In The Paint (Non-RA)","Center(C)","Less Than 8 ft.",17559,6728,0.383,2
"League Averages","In The Paint (Non-RA)","Left Side(L)","8-16 ft.",2169,852,0.393,2
"League Averages","In The Paint (Non-RA)","Right Side(R)","8-16 ft.",1981,773,0.39,2
"League Averages","Left Corner 3","Left Side(L)","24+ ft.",5069,1919,0.379,3
"League Averages","Mid-Range","Center(C)","16-24 ft.",6232,2360,0.379,2
"League Averages","Mid-Range","Center(C)","8-16 ft.",1923,771,0.401,2
"League Averages","Mid-Range","Left Side Center(LC)","16-24 ft.",8831,3465,0.392,2
"League Averages","Mid-Range","Left Side(L)","8-16 ft.",11556,4314,0.373,2
"League Averages","Mid-Range","Left Side(L)","16-24 ft.",10325,4063,0.394,2
"League Averages","Mid-Range","Right Side Center(RC)","16-24 ft.",9436,3682,0.39,2
"League Averages","Mid-Range","Right Side(R)","16-24 ft.",8619,3290,0.382,2
"League Averages","Mid-Range","Right Side(R)","8-16 ft.",10735,3904,0.364,2
"League Averages","Restricted Area","Center(C)","Less Than 8 ft.",59358,34542,0.582,2
"League Averages","Right Corner 3","Right Side(R)","24+ ft.",4499,1691,0.376,3
"League Averages","Above the Break 3","Back Court(BC)","Back Court Shot",115,2,0.017,3
"League Averages","Above the Break 3","Center(C)","24+ ft.",5850,2027,0.346,3
"League Averages","Above the Break 3","Left Side Center(LC)","24+ ft.",10956,3840,0.35,3
"League Averages","Above the Break 3","Right Side Center(RC)","24+ ft.",10539,3717,0.353,3
"League Averages","Backcourt","Back Court(BC)","Back Court Shot",363,3,0.008,3
"League Averages","In The Paint (Non-RA)","Center(C)","8-16 ft.",5303,2099,0.396,2
"League Averages","In The Paint (Non-RA)","Center(C)","Less Than 8 ft.",16703,6636,0.397,2
"League Averages","In The Paint (Non-RA)","Left Side(L)","8-16 ft.",1918,787,0.41,2
"League Averages","In The Paint (Non-RA)","Right Side(R)","8-16 ft.",1834,725,0.395,2
"League Averages","Left Corner 3","Left Side(L)","24+ ft.",5541,2090,0.377,3
"League Averages","Mid-Range","Center(C)","16-24 ft.",6879,2790,0.406,2
"League Averages","Mid-Range","Center(C)","8-16 ft.",1894,817,0.431,2
"League Averages","Mid-Range","Left Side Center(LC)","16-24 ft.",10027,4066,0.406,2
"League Averages","Mid-Range","Left Side(L)","8-16 ft.",11101,4131,0.372,2
"League Averages","Mid-Range","Left Side(L)","16-24 ft.",10302,4044,0.393,2
"League Averages","Mid-Range","Right Side Center(RC)","16-24 ft.",10601,4255,0.401,2
"League Averages","Mid-Range","Right Side(R)","16-24 ft.",8849,3516,0.397,2
"League Averages","Mid-Range","Right Side(R)","8-16 ft.",10381,3850,0.371,2
"League Averages","Restricted Area","Center(C)","Less Than 8 ft.",63163,36974,0.585,2
"League Averages","Right Corner 3","Right Side(R)","24+ ft.",5307,2066,0.389,3
"League Averages","Above the Break 3","Back Court(BC)","Back Court Shot",110,3,0.027,3
"League Averages","Above the Break 3","Center(C)","24+ ft.",6026,2107,0.35,3
"League Averages","Above the Break 3","Left Side Center(LC)","24+ ft.",10936,3868,0.354,3
"League Averages","Above the Break 3","Right Side Center(RC)","24+ ft.",10744,3774,0.351,3
"League Averages","Backcourt","Back Court(BC)","Back Court Shot",371,9,0.024,3
"League Averages","In The Paint (Non-RA)","Center(C)","8-16 ft.",5007,2063,0.412,2
"League Averages","In The Paint (Non-RA)","Center(C)","Less Than 8 ft.",16599,6703,0.404,2
"League Averages","In The Paint (Non-RA)","Left Side(L)","8-16 ft.",1802,737,0.409,2
"League Averages","In The Paint (Non-RA)","Right Side(R)","8-16 ft.",1699,664,0.391,2
"League Averages","Left Corner 3","Left Side(L)","24+ ft.",5668,2184,0.385,3
"League Averages","Mid-Range","Center(C)","16-24 ft.",6981,2746,0.393,2
"League Averages","Mid-Range","Center(C)","8-16 ft.",1767,756,0.428,2
"League Averages","Mid-Range","Left Side Center(LC)","16-24 ft.",9926,4102,0.413,2
"League Averages","Mid-Range","Left Side(L)","8-16 ft.",10072,3876,0.385,2
"League Averages","Mid-Range","Left Side(L)","16-24 ft.",9829,3960,0.403,2
"League Averages","Mid-Range","Right Side Center(RC)","16-24 ft.",10594,4246,0.401,2
"League Averages","Mid-Range","Right Side(R)","16-24 ft.",8627,3536,0.41,2
"League Averages","Mid-Range","Right Side(R)","8-16 ft.",9130,3405,0.373,2
"League Averages","Restricted Area","Center(C)","Less Than 8 ft.",63017,37304,0.592,2
"League Averages","Right Corner 3","Right Side(R)","24+ ft.",5409,2123,0.392,3
"League Averages","Above the Break 3","Back Court(BC)","Back Court Shot",125,2,0.016,3
"League Averages","Above the Break 3","Center(C)","24+ ft.",6301,2159,0.343,3
"League Averages","Above the Break 3","Left Side Center(LC)","24+ ft.",11690,4127,0.353,3
"League Averages","Above the Break 3","Right Side Center(RC)","24+ ft.",11408,4110,0.36,3
"League Averages","Backcourt","Back Court(BC)","Back Court Shot",376,10,0.027,3
"League Averages","In The Paint (Non-RA)","Center(C)","8-16 ft.",5347,2287,0.428,2
"League Averages","In The Paint (Non-RA)","Center(C)","Less Than 8 ft.",16224,6700,0.413,2
"League Averages","In The Paint (Non-RA)","Left Side(L)","8-16 ft.",1830,742,0.405,2
"League Averages","In The Paint (Non-RA)","Right Side(R)","8-16 ft.",1812,681,0.376,2
"League Averages","Left Corner 3","Left Side(L)","24+ ft.",6296,2420,0.384,3
"League Averages","Mid-Range","Center(C)","16-24 ft.",7053,2804,0.398,2
"League Averages","Mid-Range","Center(C)","8-16 ft.",1778,753,0.424,2
"League Averages","Mid-Range","Left Side Center(LC)","16-24 ft.",9939,3929,0.395,2
"League Averages","Mid-Range","Left Side(L)","8-16 ft.",9478,3607,0.381,2
"League Averages","Mid-Range","Left Side(L)","16-24 ft.",9372,3773,0.403,2
"League Averages","Mid-Range","Right Side Center(RC)","16-24 ft.",10491,4361,0.416,2
"League Averages","Mid-Range","Right Side(R)","16-24 ft.",8162,3303,0.405,2
"League Averages","Mid-Range","Right Side(R)","8-16 ft.",8486,3309,0.39,2
"League Averages","Restricted Area","Center(C)","Less Than 8 ft.",64492,38707,0.6,2
"League Averages","Right Corner 3","Right Side(R)","24+ ft.",5412,2076,0.384,3
"League Averages","Above the Break 3","Back Court(BC)","Back Court Shot",129,3,0.023,3
"League Averages","Above the Break 3","Center(C)","24+ ft.",6849,2374,0.347,3
"League Averages","Above the Break 3","Left Side Center(LC)","24+ ft.",12540,4481,0.357,3
"League Averages","Above the Break 3","Right Side Center(RC)","24+ ft.",12323,4426,0.359,3
"League Averages","Backcourt","Back Court(BC)","Back Court Shot",468,10,0.021,3
"League Averages","In The Paint (Non-RA)","Center(C)","8-16 ft.",6435,2577,0.4,2
"League Averages","In The Paint (Non-RA)","Center(C)","Less Than 8 ft.",15001,6210,0.414,2
"League Averages","In The Paint (Non-RA)","Left Side(L)","8-16 ft.",2249,880,0.391,2
"League Averages","In The Paint (Non-RA)","Right Side(R)","8-16 ft.",2226,918,0.412,2
"League Averages","Left Corner 3","Left Side(L)","24+ ft.",6340,2479,0.391,3
"League Averages","Mid-Range","Center(C)","16-24 ft.",8386,3433,0.409,2
"League Averages","Mid-Range","Center(C)","8-16 ft.",1688,721,0.427,2
"League Averages","Mid-Range","Left Side Center(LC)","16-24 ft.",10377,4195,0.404,2
"League Averages","Mid-Range","Left Side(L)","8-16 ft.",8623,3268,0.379,2
"League Averages","Mid-Range","Left Side(L)","16-24 ft.",9213,3787,0.411,2
"League Averages","Mid-Range","Right Side Center(RC)","16-24 ft.",10936,4413,0.404,2
"League Averages","Mid-Range","Right Side(R)","16-24 ft.",8205,3428,0.418,2
"League Averages","Mid-Range","Right Side(R)","8-16 ft.",8558,3283,0.384,2
"League Averages","Restricted Area","Center(C)","Less Than 8 ft.",64133,38456,0.6,2
"League Averages","Right Corner 3","Right Side(R)","24+ ft.",5822,2327,0.4,3
"League Averages","Above the Break 3","Back Court(BC)","Back Court Shot",112,4,0.036,3
"League Averages","Above the Break 3","Center(C)","24+ ft.",6677,2385,0.357,3
"League Averages","Above the Break 3","Left Side Center(LC)","24+ ft.",12232,4453,0.364,3
"League Averages","Above the Break 3","Right Side Center(RC)","24+ ft.",12317,4465,0.363,3
"League Averages","Backcourt","Back Court(BC)","Back Court Shot",445,10,0.022,3
"League Averages","In The Paint (Non-RA)","Center(C)","8-16 ft.",6223,2563,0.412,2
"League Averages","In The Paint (Non-RA)","Center(C)","Less Than 8 ft.",14898,6255,0.42,2
"League Averages","In The Paint (Non-RA)","Left Side(L)","8-16 ft.",2042,803,0.393,2
"League Averages","In The Paint (Non-RA)","Right Side(R)","8-16 ft.",2251,857,0.381,2
"League Averages","Left Corner 3","Left Side(L)","24+ ft.",6748,2657,0.394,3
"League Averages","Mid-Range","Center(C)","16-24 ft.",7773,3212,0.413,2
"League Averages","Mid-Range","Center(C)","8-16 ft.",1680,736,0.438,2
"League Averages","Mid-Range","Left Side Center(LC)","16-24 ft.",9716,3993,0.411,2
"League Averages","Mid-Range","Left Side(L)","8-16 ft.",8777,3372,0.384,2
"League Averages","Mid-Range","Left Side(L)","16-24 ft.",9026,3603,0.399,2
"League Averages","Mid-Range","Right Side Center(RC)","16-24 ft.",10621,4397,0.414,2
"League Averages","Mid-Range","Right Side(R)","16-24 ft.",8006,3165,0.395,2
"League Averages","Mid-Range","Right Side(R)","8-16 ft.",8391,3208,0.382,2
"League Averages","Restricted Area","Center(C)","Less Than 8 ft.",65152,38818,0.596,2
"League Averages","Right Corner 3","Right Side(R)","24+ ft.",5943,2346,0.395,3
"League Averages","Above the Break 3","Back Court(BC)","Back Court Shot",91,1,0.011,3
"League Averages","Above the Break 3","Center(C)","24+ ft.",7037,2377,0.338,3
"League Averages","Above the Break 3","Left Side Center(LC)","24+ ft.",12433,4262,0.343,3
"League Averages","Above the Break 3","Right Side Center(RC)","24+ ft.",12677,4505,0.355,3
"League Averages","Backcourt","Back Court(BC)","Back Court Shot",475,17,0.036,3
"League Averages","In The Paint (Non-RA)","Center(C)","8-16 ft.",6149,2509,0.408,2
"League Averages","In The Paint (Non-RA)","Center(C)","Less Than 8 ft.",15889,6864,0.432,2
"League Averages","In The Paint (Non-RA)","Left Side(L)","8-16 ft.",2090,848,0.406,2
"League Averages","In The Paint (Non-RA)","Right Side(R)","8-16 ft.",2298,959,0.417,2
"League Averages","Left Corner 3","Left Side(L)","24+ ft.",6263,2452,0.392,3
"League Averages","Mid-Range","Center(C)","16-24 ft.",7729,3104,0.402,2
"League Averages","Mid-Range","Center(C)","8-16 ft.",1727,734,0.425,2
"League Averages","Mid-Range","Left Side Center(LC)","16-24 ft.",9400,3651,0.388,2
"League Averages","Mid-Range","Left Side(L)","8-16 ft.",8944,3457,0.387,2
"League Averages","Mid-Range","Left Side(L)","16-24 ft.",8682,3595,0.414,2
"League Averages","Mid-Range","Right Side Center(RC)","16-24 ft.",10166,4007,0.394,2
"League Averages","Mid-Range","Right Side(R)","16-24 ft.",7762,3234,0.417,2
"League Averages","Mid-Range","Right Side(R)","8-16 ft.",8759,3495,0.399,2
"League Averages","Restricted Area","Center(C)","Less Than 8 ft.",66762,40450,0.606,2
"League Averages","Right Corner 3","Right Side(R)","24+ ft.",5633,2199,0.39,3
"League Averages","Above the Break 3","Back Court(BC)","Back Court Shot",87,4,0.046,3
"League Averages","Above the Break 3","Center(C)","24+ ft.",6612,2187,0.331,3
"League Averages","Above the Break 3","Left Side Center(LC)","24+ ft.",12459,4408,0.354,3
"League Averages","Above the Break 3","Right Side Center(RC)","24+ ft.",12328,4400,0.357,3
"League Averages","Backcourt","Back Court(BC)","Back Court Shot",469,14,0.03,3
"League Averages","In The Paint (Non-RA)","Center(C)","8-16 ft.",6057,2508,0.414,2
"League Averages","In The Paint (Non-RA)","Center(C)","Less Than 8 ft.",20341,7828,0.385,2
"League Averages","In The Paint (Non-RA)","Left Side(L)","8-16 ft.",1894,693,0.366,2
"League Averages","In The Paint (Non-RA)","Right Side(R)","8-16 ft.",2291,894,0.39,2
"League Averages","Left Corner 3","Left Side(L)","24+ ft.",6474,2535,0.392,3
"League Averages","Mid-Range","Center(C)","16-24 ft.",7754,3118,0.402,2
"League Averages","Mid-Range","Center(C)","8-16 ft.",1876,819,0.437,2
"League Averages","Mid-Range","Left Side Center(LC)","16-24 ft.",8820,3511,0.398,2
"League Averages","Mid-Range","Left Side(L)","8-16 ft.",9026,3505,0.388,2
"League Averages","Mid-Range","Left Side(L)","16-24 ft.",8069,3236,0.401,2
"League Averages","Mid-Range","Right Side Center(RC)","16-24 ft.",10446,4204,0.402,2
"League Averages","Mid-Range","Right Side(R)","16-24 ft.",7599,3137,0.413,2
"League Averages","Mid-Range","Right Side(R)","8-16 ft.",8360,3271,0.391,2
"League Averages","Restricted Area","Center(C)","Less Than 8 ft.",62928,39009,0.62,2
"League Averages","Right Corner 3","Right Side(R)","24+ ft.",5871,2332,0.397,3
"League Averages","Above the Break 3","Back Court(BC)","Back Court Shot",60,1,0.017,3
"League Averages","Above the Break 3","Center(C)","24+ ft.",5594,1858,0.332,3
"League Averages","Above the Break 3","Left Side Center(LC)","24+ ft.",10272,3496,0.34,3
"League Averages","Above the Break 3","Right Side Center(RC)","24+ ft.",10361,3639,0.351,3
"League Averages","Backcourt","Back Court(BC)","Back Court Shot",304,10,0.033,3
"League Averages","In The Paint (Non-RA)","Center(C)","8-16 ft.",5041,1981,0.393,2
"League Averages","In The Paint (Non-RA)","Center(C)","Less Than 8 ft.",15642,5855,0.374,2
"League Averages","In The Paint (Non-RA)","Left Side(L)","8-16 ft.",1568,629,0.401,2
"League Averages","In The Paint (Non-RA)","Right Side(R)","8-16 ft.",1692,654,0.387,2
"League Averages","Left Corner 3","Left Side(L)","24+ ft.",4998,1880,0.376,3
"League Averages","Mid-Range","Center(C)","16-24 ft.",6418,2545,0.397,2
"League Averages","Mid-Range","Center(C)","8-16 ft.",1558,682,0.438,2
"League Averages","Mid-Range","Left Side Center(LC)","16-24 ft.",7129,2773,0.389,2
"League Averages","Mid-Range","Left Side(L)","8-16 ft.",7044,2667,0.379,2
"League Averages","Mid-Range","Left Side(L)","16-24 ft.",6159,2366,0.384,2
"League Averages","Mid-Range","Right Side Center(RC)","16-24 ft.",8164,3075,0.377,2
"League Averages","Mid-Range","Right Side(R)","16-24 ft.",5682,2252,0.396,2
"League Averages","Mid-Range","Right Side(R)","8-16 ft.",6629,2533,0.382,2
"League Averages","Restricted Area","Center(C)","Less Than 8 ft.",52099,31512,0.605,2
"League Averages","Right Corner 3","Right Side(R)","24+ ft.",4791,1799,0.375,3
"League Averages","Above the Break 3","Back Court(BC)","Back Court Shot",66,2,0.03,3
"League Averages","Above the Break 3","Center(C)","24+ ft.",7645,2636,0.345,3
"League Averages","Above the Break 3","Left Side Center(LC)","24+ ft.",13465,4683,0.348,3
"League Averages","Above the Break 3","Right Side Center(RC)","24+ ft.",13923,4998,0.359,3
"League Averages","Backcourt","Back Court(BC)","Back Court Shot",420,8,0.019,3
"League Averages","In The Paint (Non-RA)","Center(C)","8-16 ft.",6463,2594,0.401,2
"League Averages","In The Paint (Non-RA)","Center(C)","Less Than 8 ft.",19058,7165,0.376,2
"League Averages","In The Paint (Non-RA)","Left Side(L)","8-16 ft.",1800,767,0.426,2
"League Averages","In The Paint (Non-RA)","Right Side(R)","8-16 ft.",1991,745,0.374,2
"League Averages","Left Corner 3","Left Side(L)","24+ ft.",7056,2726,0.386,3
"League Averages","Mid-Range","Center(C)","16-24 ft.",7525,2951,0.392,2
"League Averages","Mid-Range","Center(C)","8-16 ft.",1940,815,0.42,2
"League Averages","Mid-Range","Left Side Center(LC)","16-24 ft.",8495,3305,0.389,2
"League Averages","Mid-Range","Left Side(L)","8-16 ft.",8359,3212,0.384,2
"League Averages","Mid-Range","Left Side(L)","16-24 ft.",6992,2823,0.404,2
"League Averages","Mid-Range","Right Side Center(RC)","16-24 ft.",9371,3688,0.394,2
"League Averages","Mid-Range","Right Side(R)","16-24 ft.",6506,2517,0.387,2
"League Averages","Mid-Range","Right Side(R)","8-16 ft.",7895,3105,0.393,2
"League Averages","Restricted Area","Center(C)","Less Than 8 ft.",66135,39988,0.605,2
"League Averages","Right Corner 3","Right Side(R)","24+ ft.",6474,2547,0.393,3
"League Averages","Above the Break 3","Back Court(BC)","Back Court Shot",64,4,0.063,3
"League Averages","Above the Break 3","Center(C)","24+ ft.",9202,3274,0.356,3
"League Averages","Above the Break 3","Left Side Center(LC)","24+ ft.",14858,5288,0.356,3
"League Averages","Above the Break 3","Right Side Center(RC)","24+ ft.",14855,5184,0.349,3
"League Averages","Backcourt","Back Court(BC)","Back Court Shot",444,16,0.036,3
"League Averages","In The Paint (Non-RA)","Center(C)","8-16 ft.",6461,2650,0.41,2
"League Averages","In The Paint (Non-RA)","Center(C)","Less Than 8 ft.",20149,7810,0.388,2
"League Averages","In The Paint (Non-RA)","Left Side(L)","8-16 ft.",1820,704,0.387,2
"League Averages","In The Paint (Non-RA)","Right Side(R)","8-16 ft.",2021,809,0.4,2
"League Averages","Left Corner 3","Left Side(L)","24+ ft.",7136,2792,0.391,3
"League Averages","Mid-Range","Center(C)","16-24 ft.",7643,2969,0.388,2
"League Averages","Mid-Range","Center(C)","8-16 ft.",2021,857,0.424,2
"League Averages","Mid-Range","Left Side Center(LC)","16-24 ft.",8385,3326,0.397,2
"League Averages","Mid-Range","Left Side(L)","8-16 ft.",8566,3341,0.39,2
"League Averages","Mid-Range","Left Side(L)","16-24 ft.",5994,2431,0.406,2
"League Averages","Mid-Range","Right Side Center(RC)","16-24 ft.",9057,3563,0.393,2
"League Averages","Mid-Range","Right Side(R)","16-24 ft.",5700,2223,0.39,2
"League Averages","Mid-Range","Right Side(R)","8-16 ft.",7354,2883,0.392,2
"League Averages","Restricted Area","Center(C)","Less Than 8 ft.",66016,40159,0.608,2
"League Averages","Right Corner 3","Right Side(R)","24+ ft.",6380,2483,0.389,3
"League Averages","Above the Break 3","Back Court(BC)","Back Court Shot",55,2,0.036,3
"League Averages","Above the Break 3","Center(C)","24+ ft.",9724,3289,0.338,3
"League Averages","Above the Break 3","Left Side Center(LC)","24+ ft.",15408,5259,0.341,3
"League Averages","Above the Break 3","Right Side Center(RC)","24+ ft.",15148,5194,0.343,3
"League Averages","Backcourt","Back Court(BC)","Back Court Shot",427,11,0.026,3
"League Averages","In The Paint (Non-RA)","Center(C)","8-16 ft.",6599,2771,0.42,2
"League Averages","In The Paint (Non-RA)","Center(C)","Less Than 8 ft.",20196,7693,0.381,2
"League Averages","In The Paint (Non-RA)","Left Side(L)","8-16 ft.",1706,711,0.417,2
"League Averages","In The Paint (Non-RA)","Right Side(R)","8-16 ft.",2016,801,0.397,2
"League Averages","Left Corner 3","Left Side(L)","24+ ft.",7374,2801,0.38,3
"League Averages","Mid-Range","Center(C)","16-24 ft.",7850,3130,0.399,2
"League Averages","Mid-Range","Center(C)","8-16 ft.",1963,847,0.431,2
"League Averages","Mid-Range","Left Side Center(LC)","16-24 ft.",8034,3153,0.392,2
"League Averages","Mid-Range","Left Side(L)","8-16 ft.",8257,3239,0.392,2
"League Averages","Mid-Range","Left Side(L)","16-24 ft.",5818,2282,0.392,2
"League Averages","Mid-Range","Right Side Center(RC)","16-24 ft.",8914,3454,0.387,2
"League Averages","Mid-Range","Right Side(R)","16-24 ft.",5345,2162,0.404,2
"League Averages","Mid-Range","Right Side(R)","8-16 ft.",7595,3007,0.396,2
"League Averages","Restricted Area","Center(C)","Less Than 8 ft.",66134,39735,0.601,2
"League Averages","Right Corner 3","Right Side(R)","24+ ft.",6987,2738,0.392,3
"League Averages","Above the Break 3","Back Court(BC)","Back Court Shot",59,4,0.068,3
"League Averages","Above the Break 3","Center(C)","24+ ft.",10885,3746,0.344,3
"League Averages","Above the Break 3","Left Side Center(LC)","24+ ft.",16648,5802,0.349,3
"League Averages","Above the Break 3","Right Side Center(RC)","24+ ft.",15837,5597,0.353,3
"League Averages","Backcourt","Back Court(BC)","Back Court Shot",440,17,0.039,3
"League Averages","In The Paint (Non-RA)","Center(C)","8-16 ft.",6851,2889,0.422,2
"League Averages","In The Paint (Non-RA)","Center(C)","Less Than 8 ft.",19352,7561,0.391,2
"League Averages","In The Paint (Non-RA)","Left Side(L)","8-16 ft.",2089,842,0.403,2
"League Averages","In The Paint (Non-RA)","Right Side(R)","8-16 ft.",1932,799,0.414,2
"League Averages","Left Corner 3","Left Side(L)","24+ ft.",7864,2939,0.374,3
"League Averages","Mid-Range","Center(C)","16-24 ft.",7324,2897,0.396,2
"League Averages","Mid-Range","Center(C)","8-16 ft.",2265,987,0.436,2
"League Averages","Mid-Range","Left Side Center(LC)","16-24 ft.",7754,3066,0.395,2
"League Averages","Mid-Range","Left Side(L)","8-16 ft.",7639,3005,0.393,2
"League Averages","Mid-Range","Left Side(L)","16-24 ft.",5452,2173,0.399,2
"League Averages","Mid-Range","Right Side Center(RC)","16-24 ft.",8145,3249,0.399,2
"League Averages","Mid-Range","Right Side(R)","16-24 ft.",4924,1996,0.405,2
"League Averages","Mid-Range","Right Side(R)","8-16 ft.",7630,3011,0.395,2
"League Averages","Restricted Area","Center(C)","Less Than 8 ft.",67443,40634,0.602,2
"League Averages","Right Corner 3","Right Side(R)","24+ ft.",7360,2803,0.381,3
"League Averages","Above the Break 3","Back Court(BC)","Back Court Shot",63,4,0.063,3
"League Averages","Above the Break 3","Center(C)","24+ ft.",13187,4648,0.352,3
"League Averages","Above the Break 3","Left Side Center(LC)","24+ ft.",18579,6513,0.351,3
"League Averages","Above the Break 3","Right Side Center(RC)","24+ ft.",18243,6434,0.353,3
"League Averages","Backcourt","Back Court(BC)","Back Court Shot",499,10,0.02,3
"League Averages","In The Paint (Non-RA)","Center(C)","8-16 ft.",7159,3069,0.429,2
"League Averages","In The Paint (Non-RA)","Center(C)","Less Than 8 ft.",18654,7727,0.414,2
"League Averages","In The Paint (Non-RA)","Left Side(L)","8-16 ft.",1919,778,0.405,2
"League Averages","In The Paint (Non-RA)","Right Side(R)","8-16 ft.",2091,879,0.42,2
"League Averages","Left Corner 3","Left Side(L)","24+ ft.",8031,3102,0.386,3
"League Averages","Mid-Range","Center(C)","16-24 ft.",6444,2574,0.399,2
"League Averages","Mid-Range","Center(C)","8-16 ft.",2220,983,0.443,2
"League Averages","Mid-Range","Left Side Center(LC)","16-24 ft.",6847,2808,0.41,2
"League Averages","Mid-Range","Left Side(L)","8-16 ft.",7485,3003,0.401,2
"League Averages","Mid-Range","Left Side(L)","16-24 ft.",4554,1878,0.412,2
"League Averages","Mid-Range","Right Side Center(RC)","16-24 ft.",7577,3016,0.398,2
"League Averages","Mid-Range","Right Side(R)","16-24 ft.",4488,1770,0.394,2
"League Averages","Mid-Range","Right Side(R)","8-16 ft.",6960,2715,0.39,2
"League Averages","Restricted Area","Center(C)","Less Than 8 ft.",67289,41113,0.611,2
"League Averages","Right Corner 3","Right Side(R)","24+ ft.",7640,2966,0.388,3
"League Averages","Above the Break 3","Back Court(BC)","Back Court Shot",54,3,0.056,3
"League Averages","Above the Break 3","Center(C)","24+ ft.",15226,5476,0.36,3
"League Averages","Above the Break 3","Left Side Center(LC)","24+ ft.",20499,7292,0.356,3
"League Averages","Above the Break 3","Right Side Center(RC)","24+ ft.",19341,6859,0.355,3
"League Averages","Backcourt","Back Court(BC)","Back Court Shot",524,5,0.01,3
"League Averages","In The Paint (Non-RA)","Center(C)","8-16 ft.",11317,4719,0.417,2
"League Averages","In The Paint (Non-RA)","Center(C)","Less Than 8 ft.",18036,6921,0.384,2
"League Averages","In The Paint (Non-RA)","Left Side(L)","8-16 ft.",1942,773,0.398,2
"League Averages","In The Paint (Non-RA)","Right Side(R)","8-16 ft.",1948,788,0.405,2
"League Averages","Left Corner 3","Left Side(L)","24+ ft.",8169,3133,0.384,3
"League Averages","Mid-Range","Center(C)","16-24 ft.",7197,3007,0.418,2
"League Averages","Mid-Range","Center(C)","8-16 ft.",2460,1042,0.424,2
"League Averages","Mid-Range","Left Side Center(LC)","16-24 ft.",6596,2612,0.396,2
"League Averages","Mid-Range","Left Side(L)","8-16 ft.",6400,2575,0.402,2
"League Averages","Mid-Range","Left Side(L)","16-24 ft.",2511,994,0.396,2
"League Averages","Mid-Range","Right Side Center(RC)","16-24 ft.",6809,2662,0.391,2
"League Averages","Mid-Range","Right Side(R)","16-24 ft.",2316,903,0.39,2
"League Averages","Mid-Range","Right Side(R)","8-16 ft.",6047,2476,0.409,2
"League Averages","Restricted Area","Center(C)","Less Than 8 ft.",66875,42188,0.631,2
"League Averages","Right Corner 3","Right Side(R)","24+ ft.",7440,3007,0.404,3
"League Averages","Above the Break 3","Back Court(BC)","Back Court Shot",43,2,0.047,3
"League Averages","Above the Break 3","Center(C)","24+ ft.",15944,5449,0.342,3
"League Averages","Above the Break 3","Left Side Center(LC)","24+ ft.",22539,7944,0.352,3
"League Averages","Above the Break 3","Right Side Center(RC)","24+ ft.",21759,7666,0.352,3
"League Averages","Backcourt","Back Court(BC)","Back Court Shot",466,14,0.03,3
"League Averages","In The Paint (Non-RA)","Center(C)","8-16 ft.",11502,4866,0.423,2
"League Averages","In The Paint (Non-RA)","Center(C)","Less Than 8 ft.",19554,7665,0.392,2
"League Averages","In The Paint (Non-RA)","Left Side(L)","8-16 ft.",1998,796,0.398,2
"League Averages","In The Paint (Non-RA)","Right Side(R)","8-16 ft.",2067,849,0.411,2
"League Averages","Left Corner 3","Left Side(L)","24+ ft.",9112,3519,0.386,3
"League Averages","Mid-Range","Center(C)","16-24 ft.",5589,2256,0.404,2
"League Averages","Mid-Range","Center(C)","8-16 ft.",2271,940,0.414,2
"League Averages","Mid-Range","Left Side Center(LC)","16-24 ft.",5065,2033,0.401,2
"League Averages","Mid-Range","Left Side(L)","8-16 ft.",5414,2142,0.396,2
"League Averages","Mid-Range","Left Side(L)","16-24 ft.",2152,835,0.388,2
"League Averages","Mid-Range","Right Side Center(RC)","16-24 ft.",5422,2198,0.405,2
"League Averages","Mid-Range","Right Side(R)","16-24 ft.",1916,757,0.395,2
"League Averages","Mid-Range","Right Side(R)","8-16 ft.",5447,2244,0.412,2
"League Averages","Restricted Area","Center(C)","Less Than 8 ft.",72427,45574,0.629,2
"League Averages","Right Corner 3","Right Side(R)","24+ ft.",8771,3313,0.378,3
"League Averages","Above the Break 3","Back Court(BC)","Back Court Shot",45,6,0.133,3
"League Averages","Above the Break 3","Center(C)","24+ ft.",14955,5168,0.346,3
"League Averages","Above the Break 3","Left Side Center(LC)","24+ ft.",20895,7459,0.357,3
"League Averages","Above the Break 3","Right Side Center(RC)","24+ ft.",19624,6875,0.35,3
"League Averages","Backcourt","Back Court(BC)","Back Court Shot",405,7,0.017,3
"League Averages","In The Paint (Non-RA)","Center(C)","8-16 ft.",9820,4159,0.424,2
"League Averages","In The Paint (Non-RA)","Center(C)","Less Than 8 ft.",16915,6518,0.385,2
"League Averages","In The Paint (Non-RA)","Left Side(L)","8-16 ft.",1770,714,0.403,2
"League Averages","In The Paint (Non-RA)","Right Side(R)","8-16 ft.",1871,738,0.394,2
"League Averages","Left Corner 3","Left Side(L)","24+ ft.",8380,3329,0.397,3
"League Averages","Mid-Range","Center(C)","16-24 ft.",4036,1663,0.412,2
"League Averages","Mid-Range","Center(C)","8-16 ft.",1778,746,0.42,2
"League Averages","Mid-Range","Left Side Center(LC)","16-24 ft.",3634,1445,0.398,2
"League Averages","Mid-Range","Left Side(L)","8-16 ft.",4361,1768,0.405,2
"League Averages","Mid-Range","Left Side(L)","16-24 ft.",1541,614,0.398,2
"League Averages","Mid-Range","Right Side Center(RC)","16-24 ft.",3820,1556,0.407,2
"League Averages","Mid-Range","Right Side(R)","16-24 ft.",1425,561,0.394,2
"League Averages","Mid-Range","Right Side(R)","8-16 ft.",4471,1792,0.401,2
"League Averages","Restricted Area","Center(C)","Less Than 8 ft.",60503,38441,0.635,2
"League Averages","Right Corner 3","Right Side(R)","24+ ft.",7867,2991,0.38,3
"League Averages","Above the Break 3","Back Court(BC)","Back Court Shot",31,1,0.032,3
"League Averages","Above the Break 3","Center(C)","24+ ft.",14709,5147,0.35,3
"League Averages","Above the Break 3","Left Side Center(LC)","24+ ft.",21644,7931,0.366,3
"League Averages","Above the Break 3","Right Side Center(RC)","24+ ft.",20435,7385,0.361,3
"League Averages","Backcourt","Back Court(BC)","Back Court Shot",309,8,0.026,3
"League Averages","In The Paint (Non-RA)","Center(C)","8-16 ft.",10564,4753,0.45,2
"League Averages","In The Paint (Non-RA)","Center(C)","Less Than 8 ft.",19816,8233,0.415,2
"League Averages","In The Paint (Non-RA)","Left Side(L)","8-16 ft.",1852,780,0.421,2
"League Averages","In The Paint (Non-RA)","Right Side(R)","8-16 ft.",1992,850,0.427,2
"League Averages","Left Corner 3","Left Side(L)","24+ ft.",9173,3644,0.397,3
"League Averages","Mid-Range","Center(C)","16-24 ft.",3868,1618,0.418,2
"League Averages","Mid-Range","Center(C)","8-16 ft.",2050,898,0.438,2
"League Averages","Mid-Range","Left Side Center(LC)","16-24 ft.",3371,1334,0.396,2
"League Averages","Mid-Range","Left Side(L)","8-16 ft.",4278,1770,0.414,2
"League Averages","Mid-Range","Left Side(L)","16-24 ft.",1522,605,0.398,2
"League Averages","Mid-Range","Right Side Center(RC)","16-24 ft.",3596,1501,0.417,2
"League Averages","Mid-Range","Right Side(R)","16-24 ft.",1384,558,0.403,2
"League Averages","Mid-Range","Right Side(R)","8-16 ft.",4489,1899,0.423,2
"League Averages","Restricted Area","Center(C)","Less Than 8 ft.",57440,36818,0.641,2
"League Averages","Right Corner 3","Right Side(R)","24+ ft.",8460,3287,0.389,3
"League Averages","Above the Break 3","Back Court(BC)","Back Court Shot",35,4,0.114,3
"League Averages","Above the Break 3","Center(C)","24+ ft.",16368,5613,0.343,3
"League Averages","Above the Break 3","Left Side Center(LC)","24+ ft.",24924,8511,0.341,3
"League Averages","Above the Break 3","Right Side Center(RC)","24+ ft.",23120,8171,0.353,3
"League Averages","Backcourt","Back Court(BC)","Back Court Shot",440,11,0.025,3
"League Averages","In The Paint (Non-RA)","Center(C)","8-16 ft.",11777,5228,0.444,2
"League Averages","In The Paint (Non-RA)","Center(C)","Less Than 8 ft.",23351,9813,0.42,2
"League Averages","In The Paint (Non-RA)","Left Side(L)","8-16 ft.",2197,949,0.432,2
"League Averages","In The Paint (Non-RA)","Right Side(R)","8-16 ft.",2343,1000,0.427,2
"League Averages","Left Corner 3","Left Side(L)","24+ ft.",11377,4371,0.384,3
"League Averages","Mid-Range","Center(C)","16-24 ft.",4165,1743,0.418,2
"League Averages","Mid-Range","Center(C)","8-16 ft.",2088,921,0.441,2
"League Averages","Mid-Range","Left Side Center(LC)","16-24 ft.",3972,1632,0.411,2
"League Averages","Mid-Range","Left Side(L)","8-16 ft.",5014,2023,0.403,2
"League Averages","Mid-Range","Left Side(L)","16-24 ft.",1680,613,0.365,2
"League Averages","Mid-Range","Right Side Center(RC)","16-24 ft.",4043,1575,0.39,2
"League Averages","Mid-Range","Right Side(R)","16-24 ft.",1609,614,0.382,2
"League Averages","Mid-Range","Right Side(R)","8-16 ft.",5141,2143,0.417,2
"League Averages","Restricted Area","Center(C)","Less Than 8 ft.",62987,41140,0.653,2
"League Averages","Right Corner 3","Right Side(R)","24+ ft.",10091,3855,0.382,3
"League Averages","Above the Break 3","Back Court(BC)","Back Court Shot",33,4,0.121,3
"League Averages","Above the Break 3","Center(C)","24+ ft.",10480,3610,0.344,3
"League Averages","Above the Break 3","Left Side Center(LC)","24+ ft.",16335,5849,0.358,3
"League Averages","Above the Break 3","Right Side Center(RC)","24+ ft.",15161,5349,0.353,3
"League Averages","Backcourt","Back Court(BC)","Back Court Shot",263,6,0.023,3
"League Averages","In The Paint (Non-RA)","Center(C)","8-16 ft.",8418,3888,0.462,2
"League Averages","In The Paint (Non-RA)","Center(C)","Less Than 8 ft.",16378,6959,0.425,2
"League Averages","In The Paint (Non-RA)","Left Side(L)","8-16 ft.",1476,643,0.436,2
"League Averages","In The Paint (Non-RA)","Right Side(R)","8-16 ft.",1739,764,0.439,2
"League Averages","Left Corner 3","Left Side(L)","24+ ft.",7298,2836,0.389,3
"League Averages","Mid-Range","Center(C)","16-24 ft.",2596,1111,0.428,2
"League Averages","Mid-Range","Center(C)","8-16 ft.",1421,628,0.442,2
"League Averages","Mid-Range","Left Side Center(LC)","16-24 ft.",2405,973,0.405,2
"League Averages","Mid-Range","Left Side(L)","8-16 ft.",3178,1314,0.413,2
"League Averages","Mid-Range","Left Side(L)","16-24 ft.",964,384,0.398,2
"League Averages","Mid-Range","Right Side Center(RC)","16-24 ft.",2649,1127,0.425,2
"League Averages","Mid-Range","Right Side(R)","16-24 ft.",982,377,0.384,2
"League Averages","Mid-Range","Right Side(R)","8-16 ft.",3240,1352,0.417,2
"League Averages","Restricted Area","Center(C)","Less Than 8 ft.",43666,29068,0.666,2
"League Averages","Right Corner 3","Right Side(R)","24+ ft.",6580,2540,0.386,3
"League Averages","Above the Break 3","Back Court(BC)","Back Court Shot",3,1,0.333,3
"League Averages","Above the Break 3","Center(C)","24+ ft.",373,109,0.292,3
"League Averages","Above the Break 3","Left Side Center(LC)","24+ ft.",775,242,0.312,3
"League Averages","Above the Break 3","Right Side Center(RC)","24+ ft.",696,241,0.346,3
"League Averages","Backcourt","Back Court(BC)","Back Court Shot",24,0,0,3
"League Averages","In The Paint (Non-RA)","Center(C)","8-16 ft.",360,122,0.339,2
"League Averages","In The Paint (Non-RA)","Center(C)","Less Than 8 ft.",1048,401,0.383,2
"League Averages","In The Paint (Non-RA)","Left Side(L)","8-16 ft.",126,45,0.357,2
"League Averages","In The Paint (Non-RA)","Right Side(R)","8-16 ft.",112,43,0.384,2
"League Averages","Left Corner 3","Left Side(L)","24+ ft.",372,124,0.333,3
"League Averages","Mid-Range","Center(C)","16-24 ft.",376,144,0.383,2
"League Averages","Mid-Range","Center(C)","8-16 ft.",85,32,0.376,2
"League Averages","Mid-Range","Left Side Center(LC)","16-24 ft.",627,219,0.349,2
"League Averages","Mid-Range","Left Side(L)","8-16 ft.",781,267,0.342,2
"League Averages","Mid-Range","Left Side(L)","16-24 ft.",690,244,0.354,2
"League Averages","Mid-Range","Right Side Center(RC)","16-24 ft.",599,225,0.376,2
"League Averages","Mid-Range","Right Side(R)","16-24 ft.",557,210,0.377,2
"League Averages","Mid-Range","Right Side(R)","8-16 ft.",790,310,0.392,2
"League Averages","Restricted Area","Center(C)","Less Than 8 ft.",3905,2217,0.568,2
"League Averages","Right Corner 3","Right Side(R)","24+ ft.",318,113,0.355,3
"League Averages","Above the Break 3","Back Court(BC)","Back Court Shot",14,3,0.214,3
"League Averages","Above the Break 3","Center(C)","24+ ft.",425,144,0.339,3
"League Averages","Above the Break 3","Left Side Center(LC)","24+ ft.",869,306,0.352,3
"League Averages","Above the Break 3","Right Side Center(RC)","24+ ft.",743,274,0.369,3
"League Averages","Backcourt","Back Court(BC)","Back Court Shot",29,2,0.069,3
"League Averages","In The Paint (Non-RA)","Center(C)","Less Than 8 ft.",1157,467,0.404,2
"League Averages","In The Paint (Non-RA)","Center(C)","8-16 ft.",421,187,0.444,2
"League Averages","In The Paint (Non-RA)","Left Side(L)","8-16 ft.",167,61,0.365,2
"League Averages","In The Paint (Non-RA)","Right Side(R)","8-16 ft.",156,60,0.385,2
"League Averages","Left Corner 3","Left Side(L)","24+ ft.",410,149,0.363,3
"League Averages","Mid-Range","Center(C)","16-24 ft.",362,155,0.428,2
"League Averages","Mid-Range","Center(C)","8-16 ft.",161,63,0.391,2
"League Averages","Mid-Range","Left Side Center(LC)","16-24 ft.",540,220,0.407,2
"League Averages","Mid-Range","Left Side(L)","8-16 ft.",832,325,0.391,2
"League Averages","Mid-Range","Left Side(L)","16-24 ft.",615,260,0.423,2
"League Averages","Mid-Range","Right Side Center(RC)","16-24 ft.",532,200,0.376,2
"League Averages","Mid-Range","Right Side(R)","8-16 ft.",642,271,0.422,2
"League Averages","Mid-Range","Right Side(R)","16-24 ft.",509,179,0.352,2
"League Averages","Restricted Area","Center(C)","Less Than 8 ft.",4309,2480,0.576,2
"League Averages","Right Corner 3","Right Side(R)","24+ ft.",396,151,0.381,3
"League Averages","Above the Break 3","Back Court(BC)","Back Court Shot",7,0,0,3
"League Averages","Above the Break 3","Center(C)","24+ ft.",402,132,0.328,3
"League Averages","Above the Break 3","Left Side Center(LC)","24+ ft.",915,334,0.365,3
"League Averages","Above the Break 3","Right Side Center(RC)","24+ ft.",830,273,0.329,3
"League Averages","Backcourt","Back Court(BC)","Back Court Shot",24,1,0.042,3
"League Averages","In The Paint (Non-RA)","Center(C)","8-16 ft.",503,191,0.38,2
"League Averages","In The Paint (Non-RA)","Center(C)","Less Than 8 ft.",1163,495,0.426,2
"League Averages","In The Paint (Non-RA)","Left Side(L)","8-16 ft.",159,69,0.434,2
"League Averages","In The Paint (Non-RA)","Right Side(R)","8-16 ft.",179,74,0.413,2
"League Averages","Left Corner 3","Left Side(L)","24+ ft.",469,174,0.371,3
"League Averages","Mid-Range","Center(C)","16-24 ft.",385,152,0.395,2
"League Averages","Mid-Range","Center(C)","8-16 ft.",136,60,0.441,2
"League Averages","Mid-Range","Left Side Center(LC)","16-24 ft.",572,228,0.399,2
"League Averages","Mid-Range","Left Side(L)","8-16 ft.",808,337,0.417,2
"League Averages","Mid-Range","Left Side(L)","16-24 ft.",616,243,0.394,2
"League Averages","Mid-Range","Right Side Center(RC)","16-24 ft.",652,263,0.403,2
"League Averages","Mid-Range","Right Side(R)","16-24 ft.",558,216,0.387,2
"League Averages","Mid-Range","Right Side(R)","8-16 ft.",663,245,0.37,2
"League Averages","Restricted Area","Center(C)","Less Than 8 ft.",4315,2678,0.621,2
"League Averages","Right Corner 3","Right Side(R)","24+ ft.",415,157,0.378,3
"League Averages","Above the Break 3","Back Court(BC)","Back Court Shot",4,0,0,3
"League Averages","Above the Break 3","Center(C)","24+ ft.",399,119,0.298,3
"League Averages","Above the Break 3","Left Side Center(LC)","24+ ft.",798,269,0.337,3
"League Averages","Above the Break 3","Right Side Center(RC)","24+ ft.",764,262,0.343,3
"League Averages","Backcourt","Back Court(BC)","Back Court Shot",31,1,0.032,3
"League Averages","In The Paint (Non-RA)","Center(C)","8-16 ft.",350,136,0.389,2
"League Averages","In The Paint (Non-RA)","Center(C)","Less Than 8 ft.",840,337,0.401,2
"League Averages","In The Paint (Non-RA)","Left Side(L)","8-16 ft.",110,49,0.445,2
"League Averages","In The Paint (Non-RA)","Right Side(R)","8-16 ft.",133,61,0.459,2
"League Averages","Left Corner 3","Left Side(L)","24+ ft.",500,211,0.422,3
"League Averages","Mid-Range","Center(C)","16-24 ft.",370,153,0.414,2
"League Averages","Mid-Range","Center(C)","8-16 ft.",117,46,0.393,2
"League Averages","Mid-Range","Left Side Center(LC)","16-24 ft.",545,210,0.385,2
"League Averages","Mid-Range","Left Side(L)","8-16 ft.",686,237,0.345,2
"League Averages","Mid-Range","Left Side(L)","16-24 ft.",652,267,0.41,2
"League Averages","Mid-Range","Right Side Center(RC)","16-24 ft.",588,220,0.374,2
"League Averages","Mid-Range","Right Side(R)","16-24 ft.",539,206,0.382,2
"League Averages","Mid-Range","Right Side(R)","8-16 ft.",629,234,0.372,2
"League Averages","Restricted Area","Center(C)","Less Than 8 ft.",3791,2243,0.592,2
"League Averages","Right Corner 3","Right Side(R)","24+ ft.",390,149,0.382,3
"League Averages","Above the Break 3","Back Court(BC)","Back Court Shot",7,0,0,3
"League Averages","Above the Break 3","Center(C)","24+ ft.",485,149,0.307,3
"League Averages","Above the Break 3","Left Side Center(LC)","24+ ft.",903,308,0.341,3
"League Averages","Above the Break 3","Right Side Center(RC)","24+ ft.",771,276,0.358,3
"League Averages","Backcourt","Back Court(BC)","Back Court Shot",36,0,0,3
"League Averages","In The Paint (Non-RA)","Center(C)","8-16 ft.",467,197,0.422,2
"League Averages","In The Paint (Non-RA)","Center(C)","Less Than 8 ft.",891,369,0.414,2
"League Averages","In The Paint (Non-RA)","Left Side(L)","8-16 ft.",140,64,0.457,2
"League Averages","In The Paint (Non-RA)","Right Side(R)","8-16 ft.",172,72,0.419,2
"League Averages","Left Corner 3","Left Side(L)","24+ ft.",422,165,0.391,3
"League Averages","Mid-Range","Center(C)","16-24 ft.",486,183,0.377,2
"League Averages","Mid-Range","Center(C)","8-16 ft.",128,54,0.422,2
"League Averages","Mid-Range","Left Side Center(LC)","16-24 ft.",638,243,0.381,2
"League Averages","Mid-Range","Left Side(L)","8-16 ft.",714,273,0.382,2
"League Averages","Mid-Range","Left Side(L)","16-24 ft.",715,268,0.375,2
"League Averages","Mid-Range","Right Side Center(RC)","16-24 ft.",625,269,0.43,2
"League Averages","Mid-Range","Right Side(R)","16-24 ft.",581,225,0.387,2
"League Averages","Mid-Range","Right Side(R)","8-16 ft.",531,190,0.358,2
"League Averages","Restricted Area","Center(C)","Less Than 8 ft.",4260,2475,0.581,2
"League Averages","Right Corner 3","Right Side(R)","24+ ft.",382,153,0.401,3
"League Averages","Above the Break 3","Back Court(BC)","Back Court Shot",2,0,0,3
"League Averages","Above the Break 3","Center(C)","24+ ft.",509,158,0.31,3
"League Averages","Above the Break 3","Left Side Center(LC)","24+ ft.",945,331,0.35,3
"League Averages","Above the Break 3","Right Side Center(RC)","24+ ft.",860,309,0.359,3
"League Averages","Backcourt","Back Court(BC)","Back Court Shot",41,1,0.024,3
"League Averages","In The Paint (Non-RA)","Center(C)","8-16 ft.",451,188,0.417,2
"League Averages","In The Paint (Non-RA)","Center(C)","Less Than 8 ft.",982,427,0.435,2
"League Averages","In The Paint (Non-RA)","Left Side(L)","8-16 ft.",157,72,0.459,2
"League Averages","In The Paint (Non-RA)","Right Side(R)","8-16 ft.",150,76,0.507,2
"League Averages","Left Corner 3","Left Side(L)","24+ ft.",472,205,0.434,3
"League Averages","Mid-Range","Center(C)","16-24 ft.",484,178,0.368,2
"League Averages","Mid-Range","Center(C)","8-16 ft.",154,70,0.455,2
"League Averages","Mid-Range","Left Side Center(LC)","16-24 ft.",639,255,0.399,2
"League Averages","Mid-Range","Left Side(L)","8-16 ft.",587,236,0.402,2
"League Averages","Mid-Range","Left Side(L)","16-24 ft.",562,237,0.422,2
"League Averages","Mid-Range","Right Side Center(RC)","16-24 ft.",655,261,0.398,2
"League Averages","Mid-Range","Right Side(R)","16-24 ft.",546,222,0.407,2
"League Averages","Mid-Range","Right Side(R)","8-16 ft.",453,175,0.386,2
"League Averages","Restricted Area","Center(C)","Less Than 8 ft.",4048,2369,0.585,2
"League Averages","Right Corner 3","Right Side(R)","24+ ft.",442,161,0.364,3
"League Averages","Above the Break 3","Back Court(BC)","Back Court Shot",6,0,0,3
"League Averages","Above the Break 3","Center(C)","24+ ft.",483,159,0.329,3
"League Averages","Above the Break 3","Left Side Center(LC)","24+ ft.",843,282,0.335,3
"League Averages","Above the Break 3","Right Side Center(RC)","24+ ft.",909,319,0.351,3
"League Averages","Backcourt","Back Court(BC)","Back Court Shot",34,0,0,3
"League Averages","In The Paint (Non-RA)","Center(C)","8-16 ft.",383,161,0.42,2
"League Averages","In The Paint (Non-RA)","Center(C)","Less Than 8 ft.",1066,460,0.432,2
"League Averages","In The Paint (Non-RA)","Left Side(L)","8-16 ft.",152,61,0.401,2
"League Averages","In The Paint (Non-RA)","Right Side(R)","8-16 ft.",179,79,0.441,2
"League Averages","Left Corner 3","Left Side(L)","24+ ft.",434,167,0.385,3
"League Averages","Mid-Range","Center(C)","16-24 ft.",448,191,0.426,2
"League Averages","Mid-Range","Center(C)","8-16 ft.",137,66,0.482,2
"League Averages","Mid-Range","Left Side Center(LC)","16-24 ft.",524,221,0.422,2
"League Averages","Mid-Range","Left Side(L)","8-16 ft.",584,252,0.432,2
"League Averages","Mid-Range","Left Side(L)","16-24 ft.",521,199,0.382,2
"League Averages","Mid-Range","Right Side Center(RC)","16-24 ft.",605,247,0.408,2
"League Averages","Mid-Range","Right Side(R)","16-24 ft.",471,176,0.374,2
"League Averages","Mid-Range","Right Side(R)","8-16 ft.",452,169,0.374,2
"League Averages","Restricted Area","Center(C)","Less Than 8 ft.",4117,2406,0.584,2
"League Averages","Right Corner 3","Right Side(R)","24+ ft.",403,161,0.4,3
"League Averages","Above the Break 3","Back Court(BC)","Back Court Shot",7,0,0,3
"League Averages","Above the Break 3","Center(C)","24+ ft.",415,141,0.34,3
"League Averages","Above the Break 3","Left Side Center(LC)","24+ ft.",804,269,0.335,3
"League Averages","Above the Break 3","Right Side Center(RC)","24+ ft.",864,301,0.348,3
"League Averages","Backcourt","Back Court(BC)","Back Court Shot",47,3,0.064,3
"League Averages","In The Paint (Non-RA)","Center(C)","8-16 ft.",434,182,0.419,2
"League Averages","In The Paint (Non-RA)","Center(C)","Less Than 8 ft.",1271,465,0.366,2
"League Averages","In The Paint (Non-RA)","Left Side(L)","8-16 ft.",122,40,0.328,2
"League Averages","In The Paint (Non-RA)","Right Side(R)","8-16 ft.",132,58,0.439,2
"League Averages","Left Corner 3","Left Side(L)","24+ ft.",392,137,0.349,3
"League Averages","Mid-Range","Center(C)","16-24 ft.",418,158,0.378,2
"League Averages","Mid-Range","Center(C)","8-16 ft.",138,51,0.37,2
"League Averages","Mid-Range","Left Side Center(LC)","16-24 ft.",612,226,0.369,2
"League Averages","Mid-Range","Left Side(L)","8-16 ft.",579,232,0.401,2
"League Averages","Mid-Range","Left Side(L)","16-24 ft.",384,158,0.411,2
"League Averages","Mid-Range","Right Side Center(RC)","16-24 ft.",565,219,0.388,2
"League Averages","Mid-Range","Right Side(R)","16-24 ft.",480,204,0.425,2
"League Averages","Mid-Range","Right Side(R)","8-16 ft.",555,223,0.402,2
"League Averages","Restricted Area","Center(C)","Less Than 8 ft.",3949,2297,0.582,2
"League Averages","Right Corner 3","Right Side(R)","24+ ft.",373,138,0.37,3
"League Averages","Above the Break 3","Back Court(BC)","Back Court Shot",4,0,0,3
"League Averages","Above the Break 3","Center(C)","24+ ft.",379,113,0.298,3
"League Averages","Above the Break 3","Left Side Center(LC)","24+ ft.",890,300,0.337,3
"League Averages","Above the Break 3","Right Side Center(RC)","24+ ft.",835,268,0.321,3
"League Averages","Backcourt","Back Court(BC)","Back Court Shot",23,0,0,3
"League Averages","In The Paint (Non-RA)","Center(C)","8-16 ft.",503,215,0.427,2
"League Averages","In The Paint (Non-RA)","Center(C)","Less Than 8 ft.",1205,450,0.373,2
"League Averages","In The Paint (Non-RA)","Left Side(L)","8-16 ft.",172,68,0.395,2
"League Averages","In The Paint (Non-RA)","Right Side(R)","8-16 ft.",173,73,0.422,2
"League Averages","Left Corner 3","Left Side(L)","24+ ft.",438,166,0.379,3
"League Averages","Mid-Range","Center(C)","16-24 ft.",522,187,0.358,2
"League Averages","Mid-Range","Center(C)","8-16 ft.",160,58,0.363,2
"League Averages","Mid-Range","Left Side Center(LC)","16-24 ft.",589,233,0.396,2
"League Averages","Mid-Range","Left Side(L)","8-16 ft.",687,281,0.409,2
"League Averages","Mid-Range","Left Side(L)","16-24 ft.",405,153,0.378,2
"League Averages","Mid-Range","Right Side Center(RC)","16-24 ft.",656,256,0.39,2
"League Averages","Mid-Range","Right Side(R)","16-24 ft.",393,143,0.364,2
"League Averages","Mid-Range","Right Side(R)","8-16 ft.",588,226,0.384,2
"League Averages","Restricted Area","Center(C)","Less Than 8 ft.",4204,2464,0.586,2
"League Averages","Right Corner 3","Right Side(R)","24+ ft.",414,147,0.355,3
"League Averages","Above the Break 3","Back Court(BC)","Back Court Shot",6,0,0,3
"League Averages","Above the Break 3","Center(C)","24+ ft.",488,159,0.326,3
"League Averages","Above the Break 3","Left Side Center(LC)","24+ ft.",949,318,0.335,3
"League Averages","Above the Break 3","Right Side Center(RC)","24+ ft.",1035,354,0.342,3
"League Averages","Backcourt","Back Court(BC)","Back Court Shot",35,0,0,3
"League Averages","In The Paint (Non-RA)","Center(C)","8-16 ft.",527,216,0.41,2
"League Averages","In The Paint (Non-RA)","Center(C)","Less Than 8 ft.",1234,511,0.414,2
"League Averages","In The Paint (Non-RA)","Left Side(L)","8-16 ft.",136,60,0.441,2
"League Averages","In The Paint (Non-RA)","Right Side(R)","8-16 ft.",146,57,0.39,2
"League Averages","Left Corner 3","Left Side(L)","24+ ft.",478,180,0.377,3
"League Averages","Mid-Range","Center(C)","16-24 ft.",473,174,0.368,2
"League Averages","Mid-Range","Center(C)","8-16 ft.",134,50,0.373,2
"League Averages","Mid-Range","Left Side Center(LC)","16-24 ft.",574,210,0.366,2
"League Averages","Mid-Range","Left Side(L)","8-16 ft.",600,219,0.365,2
"League Averages","Mid-Range","Left Side(L)","16-24 ft.",381,133,0.349,2
"League Averages","Mid-Range","Right Side Center(RC)","16-24 ft.",659,256,0.388,2
"League Averages","Mid-Range","Right Side(R)","16-24 ft.",384,155,0.404,2
"League Averages","Mid-Range","Right Side(R)","8-16 ft.",561,219,0.39,2
"League Averages","Restricted Area","Center(C)","Less Than 8 ft.",4185,2488,0.595,2
"League Averages","Right Corner 3","Right Side(R)","24+ ft.",508,194,0.382,3
"League Averages","Above the Break 3","Back Court(BC)","Back Court Shot",7,0,0,3
"League Averages","Above the Break 3","Center(C)","24+ ft.",751,250,0.333,3
"League Averages","Above the Break 3","Left Side Center(LC)","24+ ft.",1009,354,0.351,3
"League Averages","Above the Break 3","Right Side Center(RC)","24+ ft.",1139,419,0.368,3
"League Averages","Backcourt","Back Court(BC)","Back Court Shot",38,2,0.053,3
"League Averages","In The Paint (Non-RA)","Center(C)","8-16 ft.",482,184,0.382,2
"League Averages","In The Paint (Non-RA)","Center(C)","Less Than 8 ft.",1351,549,0.406,2
"League Averages","In The Paint (Non-RA)","Left Side(L)","8-16 ft.",116,46,0.397,2
"League Averages","In The Paint (Non-RA)","Right Side(R)","8-16 ft.",139,51,0.367,2
"League Averages","Left Corner 3","Left Side(L)","24+ ft.",550,221,0.402,3
"League Averages","Mid-Range","Center(C)","16-24 ft.",471,189,0.401,2
"League Averages","Mid-Range","Center(C)","8-16 ft.",151,57,0.377,2
"League Averages","Mid-Range","Left Side Center(LC)","16-24 ft.",590,243,0.412,2
"League Averages","Mid-Range","Left Side(L)","8-16 ft.",680,269,0.396,2
"League Averages","Mid-Range","Left Side(L)","16-24 ft.",388,160,0.412,2
"League Averages","Mid-Range","Right Side Center(RC)","16-24 ft.",618,251,0.406,2
"League Averages","Mid-Range","Right Side(R)","16-24 ft.",412,152,0.369,2
"League Averages","Mid-Range","Right Side(R)","8-16 ft.",475,195,0.411,2
"League Averages","Restricted Area","Center(C)","Less Than 8 ft.",4388,2700,0.615,2
"League Averages","Right Corner 3","Right Side(R)","24+ ft.",481,179,0.372,3
"League Averages","Above the Break 3","Back Court(BC)","Back Court Shot",4,0,0,3
"League Averages","Above the Break 3","Center(C)","24+ ft.",706,219,0.31,3
"League Averages","Above the Break 3","Left Side Center(LC)","24+ ft.",1166,406,0.348,3
"League Averages","Above the Break 3","Right Side Center(RC)","24+ ft.",1215,404,0.333,3
"League Averages","Backcourt","Back Court(BC)","Back Court Shot",32,2,0.063,3
"League Averages","In The Paint (Non-RA)","Center(C)","8-16 ft.",488,198,0.406,2
"League Averages","In The Paint (Non-RA)","Center(C)","Less Than 8 ft.",1467,527,0.359,2
"League Averages","In The Paint (Non-RA)","Left Side(L)","8-16 ft.",113,56,0.496,2
"League Averages","In The Paint (Non-RA)","Right Side(R)","8-16 ft.",143,51,0.357,2
"League Averages","Left Corner 3","Left Side(L)","24+ ft.",496,202,0.407,3
"League Averages","Mid-Range","Center(C)","16-24 ft.",415,169,0.407,2
"League Averages","Mid-Range","Center(C)","8-16 ft.",125,52,0.416,2
"League Averages","Mid-Range","Left Side Center(LC)","16-24 ft.",479,159,0.332,2
"League Averages","Mid-Range","Left Side(L)","8-16 ft.",538,183,0.34,2
"League Averages","Mid-Range","Left Side(L)","16-24 ft.",299,109,0.365,2
"League Averages","Mid-Range","Right Side Center(RC)","16-24 ft.",479,193,0.403,2
"League Averages","Mid-Range","Right Side(R)","16-24 ft.",293,106,0.362,2
"League Averages","Mid-Range","Right Side(R)","8-16 ft.",418,155,0.371,2
"League Averages","Restricted Area","Center(C)","Less Than 8 ft.",4299,2582,0.601,2
"League Averages","Right Corner 3","Right Side(R)","24+ ft.",514,188,0.366,3
"League Averages","Above the Break 3","Back Court(BC)","Back Court Shot",3,1,0.333,3
"League Averages","Above the Break 3","Center(C)","24+ ft.",817,264,0.323,3
"League Averages","Above the Break 3","Left Side Center(LC)","24+ ft.",1238,428,0.346,3
"League Averages","Above the Break 3","Right Side Center(RC)","24+ ft.",1129,411,0.364,3
"League Averages","Backcourt","Back Court(BC)","Back Court Shot",39,0,0,3
"League Averages","In The Paint (Non-RA)","Center(C)","8-16 ft.",569,242,0.425,2
"League Averages","In The Paint (Non-RA)","Center(C)","Less Than 8 ft.",1259,455,0.361,2
"League Averages","In The Paint (Non-RA)","Left Side(L)","8-16 ft.",149,60,0.403,2
"League Averages","In The Paint (Non-RA)","Right Side(R)","8-16 ft.",136,64,0.471,2
"League Averages","Left Corner 3","Left Side(L)","24+ ft.",618,225,0.364,3
"League Averages","Mid-Range","Center(C)","16-24 ft.",385,157,0.408,2
"League Averages","Mid-Range","Center(C)","8-16 ft.",173,67,0.387,2
"League Averages","Mid-Range","Left Side Center(LC)","16-24 ft.",435,162,0.372,2
"League Averages","Mid-Range","Left Side(L)","8-16 ft.",613,244,0.398,2
"League Averages","Mid-Range","Left Side(L)","16-24 ft.",298,129,0.433,2
"League Averages","Mid-Range","Right Side Center(RC)","16-24 ft.",549,206,0.375,2
"League Averages","Mid-Range","Right Side(R)","16-24 ft.",309,117,0.379,2
"League Averages","Mid-Range","Right Side(R)","8-16 ft.",517,201,0.389,2
"League Averages","Restricted Area","Center(C)","Less Than 8 ft.",4470,2611,0.584,2
"League Averages","Right Corner 3","Right Side(R)","24+ ft.",579,240,0.415,3
"League Averages","Above the Break 3","Back Court(BC)","Back Court Shot",8,0,0,3
"League Averages","Above the Break 3","Center(C)","24+ ft.",868,290,0.334,3
"League Averages","Above the Break 3","Left Side Center(LC)","24+ ft.",1274,467,0.367,3
"League Averages","Above the Break 3","Right Side Center(RC)","24+ ft.",1260,457,0.363,3
"League Averages","Backcourt","Back Court(BC)","Back Court Shot",42,0,0,3
"League Averages","In The Paint (Non-RA)","Center(C)","8-16 ft.",440,202,0.459,2
"League Averages","In The Paint (Non-RA)","Center(C)","Less Than 8 ft.",1063,476,0.448,2
"League Averages","In The Paint (Non-RA)","Left Side(L)","8-16 ft.",119,55,0.462,2
"League Averages","In The Paint (Non-RA)","Right Side(R)","8-16 ft.",136,56,0.412,2
"League Averages","Left Corner 3","Left Side(L)","24+ ft.",591,249,0.421,3
"League Averages","Mid-Range","Center(C)","16-24 ft.",318,139,0.437,2
"League Averages","Mid-Range","Center(C)","8-16 ft.",115,50,0.435,2
"League Averages","Mid-Range","Left Side Center(LC)","16-24 ft.",317,135,0.426,2
"League Averages","Mid-Range","Left Side(L)","8-16 ft.",439,157,0.358,2
"League Averages","Mid-Range","Left Side(L)","16-24 ft.",259,95,0.367,2
"League Averages","Mid-Range","Right Side Center(RC)","16-24 ft.",436,184,0.422,2
"League Averages","Mid-Range","Right Side(R)","16-24 ft.",233,86,0.369,2
"League Averages","Mid-Range","Right Side(R)","8-16 ft.",475,185,0.389,2
"League Averages","Restricted Area","Center(C)","Less Than 8 ft.",4271,2606,0.61,2
"League Averages","Right Corner 3","Right Side(R)","24+ ft.",539,191,0.354,3
"League Averages","Above the Break 3","Back Court(BC)","Back Court Shot",4,0,0,3
"League Averages","Above the Break 3","Center(C)","24+ ft.",980,322,0.329,3
"League Averages","Above the Break 3","Left Side Center(LC)","24+ ft.",1358,447,0.329,3
"League Averages","Above the Break 3","Right Side Center(RC)","24+ ft.",1414,494,0.349,3
"League Averages","Backcourt","Back Court(BC)","Back Court Shot",41,2,0.049,3
"League Averages","In The Paint (Non-RA)","Center(C)","8-16 ft.",713,303,0.425,2
"League Averages","In The Paint (Non-RA)","Center(C)","Less Than 8 ft.",1090,388,0.356,2
"League Averages","In The Paint (Non-RA)","Left Side(L)","8-16 ft.",151,62,0.411,2
"League Averages","In The Paint (Non-RA)","Right Side(R)","8-16 ft.",129,49,0.38,2
"League Averages","Left Corner 3","Left Side(L)","24+ ft.",524,213,0.406,3
"League Averages","Mid-Range","Center(C)","16-24 ft.",361,160,0.443,2
"League Averages","Mid-Range","Center(C)","8-16 ft.",136,51,0.375,2
"League Averages","Mid-Range","Left Side Center(LC)","16-24 ft.",334,117,0.35,2
"League Averages","Mid-Range","Left Side(L)","8-16 ft.",454,179,0.394,2
"League Averages","Mid-Range","Left Side(L)","16-24 ft.",181,42,0.232,2
"League Averages","Mid-Range","Right Side Center(RC)","16-24 ft.",386,162,0.42,2
"League Averages","Mid-Range","Right Side(R)","16-24 ft.",147,64,0.435,2
"League Averages","Mid-Range","Right Side(R)","8-16 ft.",398,160,0.402,2
"League Averages","Restricted Area","Center(C)","Less Than 8 ft.",4437,2835,0.639,2
"League Averages","Right Corner 3","Right Side(R)","24+ ft.",578,244,0.422,3
"League Averages","Above the Break 3","Back Court(BC)","Back Court Shot",5,1,0.2,3
"League Averages","Above the Break 3","Center(C)","24+ ft.",1096,385,0.351,3
"League Averages","Above the Break 3","Left Side Center(LC)","24+ ft.",1523,523,0.343,3
"League Averages","Above the Break 3","Right Side Center(RC)","24+ ft.",1501,509,0.339,3
"League Averages","Backcourt","Back Court(BC)","Back Court Shot",47,0,0,3
"League Averages","In The Paint (Non-RA)","Center(C)","8-16 ft.",851,364,0.428,2
"League Averages","In The Paint (Non-RA)","Center(C)","Less Than 8 ft.",1284,455,0.354,2
"League Averages","In The Paint (Non-RA)","Left Side(L)","8-16 ft.",109,45,0.413,2
"League Averages","In The Paint (Non-RA)","Right Side(R)","8-16 ft.",129,53,0.411,2
"League Averages","Left Corner 3","Left Side(L)","24+ ft.",615,215,0.35,3
"League Averages","Mid-Range","Center(C)","16-24 ft.",312,138,0.442,2
"League Averages","Mid-Range","Center(C)","8-16 ft.",147,62,0.422,2
"League Averages","Mid-Range","Left Side Center(LC)","16-24 ft.",310,126,0.406,2
"League Averages","Mid-Range","Left Side(L)","8-16 ft.",424,179,0.422,2
"League Averages","Mid-Range","Left Side(L)","16-24 ft.",176,63,0.358,2
"League Averages","Mid-Range","Right Side Center(RC)","16-24 ft.",354,142,0.401,2
"League Averages","Mid-Range","Right Side(R)","16-24 ft.",122,54,0.443,2
"League Averages","Mid-Range","Right Side(R)","8-16 ft.",411,148,0.36,2
"League Averages","Restricted Area","Center(C)","Less Than 8 ft.",4239,2624,0.619,2
"League Averages","Right Corner 3","Right Side(R)","24+ ft.",604,226,0.374,3
"League Averages","Above the Break 3","Back Court(BC)","Back Court Shot",1,0,0,3
"League Averages","Above the Break 3","Center(C)","24+ ft.",1225,434,0.354,3
"League Averages","Above the Break 3","Left Side Center(LC)","24+ ft.",1644,592,0.36,3
"League Averages","Above the Break 3","Right Side Center(RC)","24+ ft.",1543,521,0.338,3
"League Averages","Backcourt","Back Court(BC)","Back Court Shot",36,2,0.056,3
"League Averages","In The Paint (Non-RA)","Center(C)","8-16 ft.",752,349,0.464,2
"League Averages","In The Paint (Non-RA)","Center(C)","Less Than 8 ft.",1028,397,0.386,2
"League Averages","In The Paint (Non-RA)","Left Side(L)","8-16 ft.",149,75,0.503,2
"League Averages","In The Paint (Non-RA)","Right Side(R)","8-16 ft.",142,53,0.373,2
"League Averages","Left Corner 3","Left Side(L)","24+ ft.",805,331,0.411,3
"League Averages","Mid-Range","Center(C)","16-24 ft.",315,142,0.451,2
"League Averages","Mid-Range","Center(C)","8-16 ft.",120,57,0.475,2
"League Averages","Mid-Range","Left Side Center(LC)","16-24 ft.",247,96,0.389,2
"League Averages","Mid-Range","Left Side(L)","8-16 ft.",370,152,0.411,2
"League Averages","Mid-Range","Left Side(L)","16-24 ft.",134,57,0.425,2
"League Averages","Mid-Range","Right Side Center(RC)","16-24 ft.",303,120,0.396,2
"League Averages","Mid-Range","Right Side(R)","16-24 ft.",150,61,0.407,2
"League Averages","Mid-Range","Right Side(R)","8-16 ft.",407,187,0.459,2
"League Averages","Restricted Area","Center(C)","Less Than 8 ft.",3968,2533,0.638,2
"League Averages","Right Corner 3","Right Side(R)","24+ ft.",768,288,0.375,3
"League Averages","Above the Break 3","Back Court(BC)","Back Court Shot",4,1,0.25,3
"League Averages","Above the Break 3","Center(C)","24+ ft.",1247,432,0.346,3
"League Averages","Above the Break 3","Left Side Center(LC)","24+ ft.",1615,579,0.359,3
"League Averages","Above the Break 3","Right Side Center(RC)","24+ ft.",1636,601,0.367,3
"League Averages","Backcourt","Back Court(BC)","Back Court Shot",29,0,0,3
"League Averages","In The Paint (Non-RA)","Center(C)","8-16 ft.",1013,476,0.47,2
"League Averages","In The Paint (Non-RA)","Center(C)","Less Than 8 ft.",1371,557,0.406,2
"League Averages","In The Paint (Non-RA)","Left Side(L)","8-16 ft.",160,70,0.438,2
"League Averages","In The Paint (Non-RA)","Right Side(R)","8-16 ft.",147,74,0.503,2
"League Averages","Left Corner 3","Left Side(L)","24+ ft.",641,249,0.388,3
"League Averages","Mid-Range","Center(C)","16-24 ft.",313,136,0.435,2
"League Averages","Mid-Range","Center(C)","8-16 ft.",184,71,0.386,2
"League Averages","Mid-Range","Left Side Center(LC)","16-24 ft.",285,114,0.4,2
"League Averages","Mid-Range","Left Side(L)","8-16 ft.",435,175,0.402,2
"League Averages","Mid-Range","Left Side(L)","16-24 ft.",144,58,0.403,2
"League Averages","Mid-Range","Right Side Center(RC)","16-24 ft.",348,156,0.448,2
"League Averages","Mid-Range","Right Side(R)","16-24 ft.",124,52,0.419,2
"League Averages","Mid-Range","Right Side(R)","8-16 ft.",500,222,0.444,2
"League Averages","Restricted Area","Center(C)","Less Than 8 ft.",3920,2548,0.65,2
"League Averages","Right Corner 3","Right Side(R)","24+ ft.",655,258,0.394,3
"League Averages","Above the Break 3","Back Court(BC)","Back Court Shot",3,0,0,3
"League Averages","Above the Break 3","Center(C)","24+ ft.",1176,406,0.345,3
"League Averages","Above the Break 3","Left Side Center(LC)","24+ ft.",1654,589,0.356,3
"League Averages","Above the Break 3","Right Side Center(RC)","24+ ft.",1573,544,0.346,3
"League Averages","Backcourt","Back Court(BC)","Back Court Shot",31,1,0.032,3
"League Averages","In The Paint (Non-RA)","Center(C)","8-16 ft.",939,399,0.425,2
"League Averages","In The Paint (Non-RA)","Center(C)","Less Than 8 ft.",1816,816,0.449,2
"League Averages","In The Paint (Non-RA)","Left Side(L)","8-16 ft.",159,57,0.358,2
"League Averages","In The Paint (Non-RA)","Right Side(R)","8-16 ft.",186,85,0.457,2
"League Averages","Left Corner 3","Left Side(L)","24+ ft.",821,306,0.373,3
"League Averages","Mid-Range","Center(C)","16-24 ft.",311,132,0.424,2
"League Averages","Mid-Range","Center(C)","8-16 ft.",118,54,0.458,2
"League Averages","Mid-Range","Left Side Center(LC)","16-24 ft.",309,115,0.372,2
"League Averages","Mid-Range","Left Side(L)","8-16 ft.",362,147,0.406,2
"League Averages","Mid-Range","Left Side(L)","16-24 ft.",113,40,0.354,2
"League Averages","Mid-Range","Right Side Center(RC)","16-24 ft.",285,131,0.46,2
"League Averages","Mid-Range","Right Side(R)","16-24 ft.",119,39,0.328,2
"League Averages","Mid-Range","Right Side(R)","8-16 ft.",374,164,0.439,2
"League Averages","Restricted Area","Center(C)","Less Than 8 ft.",3477,2330,0.67,2
"League Averages","Right Corner 3","Right Side(R)","24+ ft.",745,284,0.381,3
